№;Піньїнь;Кірносова;Кірносова—Цісар;НАНУ
1;a;а;а;а
2;ai;ай;ай;ай
3;an;ань;ань;ань
4;ang;ан;ан;ан
5;ao;ао;ао;ао
6;ba;ба;ба;ба
7;bai;бай;бай;бай
8;ban;бань;бань;бань
9;bang;бан;бан;бан
10;bao;бао;бао;бао
11;bei;бей;бей;бей
12;ben;бень;бень;бень
13;beng;бен;бен;бен
14;bi;бі;бі;бі
15;bian;бянь;б'янь;бянь
16;biao;бяо;б'яо;бяо
17;bie;б'є;б'є;бє
18;bin;бінь;бінь;бінь
19;bing;бін;бін;бін
20;bo;бо;бо;бо
21;bu;бу;бу;бу
22;ca;ца;ца;ца
23;cai;цай;цай;цай
24;can;цань;цань;цань
25;cang;цан;цан;цан
26;cao;цао;цао;цао
27;ce;це;це;це
28;cei;цей;цей;цей
29;cen;цень;цень;цень
30;ceng;цен;цен;цен
31;cha;ча;ча;ча
32;chai;чай;чай;чай
33;chan;чань;чань;чань
34;chang;чан;чан;чан
35;chao;чао;чао;чао
36;che;че;че;че
37;chen;чень;чень;чень
38;cheng;чен;чен;чен
39;chi;чи;чи;чи
40;chong;чун;чон;чун
41;chou;чоу;чов;чоу
42;chu;чу;чу;чу
43;chua;чуа;чва;чуа
44;chuai;чуай;чвай;чуай
45;chuan;чуань;чвань;чуань
46;chuang;чуан;чван;чуан
47;chui;чуй;чвей;чуй
48;chun;чунь;чвень;чунь
49;chuo;чуо;чво;чо
50;ci;ци;ци;ци
51;cong;цун;цон;цун
52;cou;цоу;цов;цоу
53;cu;цу;цу;цу
54;cuan;цуань;цвань;цуань
55;cui;цуй;цвей;цуй
56;cun;цунь;цвень;цунь
57;cuo;цо;цво;цо
58;da;да;да;да
59;dai;дай;дай;дай
60;dan;дань;дань;дань
61;dang;дан;дан;дан
62;dao;дао;дао;дао
63;de;де;де;де
64;dei;дей;дей;дей
65;den;день;день;день
66;deng;ден;ден;ден
67;di;ді;ді;ди
68;dia;д'я;дя;дя
69;dian;дянь;дянь;дянь
70;diao;дяо;дяо;дяо
71;die;д'є;дє;дє
72;ding;дін;дін;дін
73;diu;д'ю;дьов;дю
74;dong;дун;дон;дун
75;dou;доу;дов;доу
76;du;ду;ду;ду
77;duan;дуань;двань;дуань
78;dui;дуй;двей;дуй
79;dun;дунь;двень;дунь
80;duo;дуо;дво;до
81;e;е;е;е
82;ê;е;е;
83;ei;ей;ей;ей
84;en;ень;ень;ень
85;eng;ен;ен;ен
86;er/r;ер/р;ер/р;ер/р
87;fa;фа;фа;фа
88;fan;фань;фань;фань
89;fang;фан;фан;фан
90;fei;фей;фей;фей
91;fen;фень;фень;фень
92;feng;фен;фен;фен
93;fiao;фяо;ф'яо;
94;fo;фо;фо;фо
95;fou;фоу;фов;фоу
96;fu;фу;фу;фу
97;ga;ґа;ґа;ґа
98;gai;ґай;ґай;ґай
99;gan;ґань;ґань;ґань
100;gang;ґан;ґан;ґан
101;gao;ґао;ґао;ґао
102;ge;ґе;ґе;ґе
103;gei;ґей;ґей;ґей
104;gen;ґень;ґень;ґень
105;geng;ґен;ґен;ґен
106;gong;ґун;ґон;ґун
107;gou;ґоу;ґов;ґоу
108;gu;ґу;ґу;ґу
109;gua;ґуа;ґва;ґуа
110;guai;ґуай;ґвай;ґуай
111;guan;ґуань;ґвань;ґуань
112;guang;ґуан;ґван;ґуан
113;gui;ґуй;ґвей;ґуй
114;gun;ґунь;ґвень;ґунь
115;guo;ґо;ґво;ґо
116;ha;ха;ха;ха
117;hai;хай;хай;хай
118;han;хань;хань;хань
119;hang;хан;хан;хан
120;hao;хао;хао;хао
121;he;хе;хе;хе
122;hei;хей;хей;хей
123;hen;хень;хень;хень
124;heng;хен;хен;хен
125;hm;хм;гм;
126;hng;х;гм;
127;hong;хун;хон;хун
128;hou;хоу;хов;хоу
129;hu;ху;ху;ху
130;hua;хуа;хва;хуа
131;huai;хуай;хвай;хуай
132;huan;хуань;хвань;хуань
133;huang;хуан;хван;хуан
134;hui;хуей;хвей;хуей
135;hun;хунь;хвень;хунь
136;huo;хо;хво;хо
137;ji;цзі;дзі;цзі
138;jia;цзя;дзя;цзя
139;jian;цзянь;дзянь;цзянь
140;jiang;цзян;дзян;цзян
141;jiao;цзяо;дзяо;цзяо
142;jie;цзє;дзє;цзє
143;jin;цзінь;дзінь;цзінь
144;jing;цзін;дзін;цзін
145;jiong;цзюн;дзьон;цзюн
146;jiu;цзю;дзьов;цзю
147;ju;цзюй;дзю;цзюй
148;juan;цзюань;дзюань;цзюань
149;jue;цзюе;дзюе;цзюе
150;jun;цзюнь;дзюнь;цзюнь
151;ka;ка;ка;ка
152;kai;кай;кай;кай
153;kan;кань;кань;кань
154;kang;кан;кан;кан
155;kao;као;као;као
156;ke;ке;ке;ке
157;kei;кей;кей;
158;ken;кень;кень;кень
159;keng;кен;кен;кен
160;kong;кун;кон;кун
161;kou;коу;ков;коу
162;ku;ку;ку;ку
163;kua;куа;ква;куа
164;kuai;куай;квай;куай
165;kuan;куань;квань;куань
166;kuang;куан;кван;куан
167;kui;куй;квей;куй
168;kun;кунь;квень;кунь
169;kuo;ко;кво;ко
170;la;ла;ла;ла
171;lai;лай;лай;лай
172;lan;лань;лань;лань
173;lang;лан;лан;лан
174;lao;лао;лао;лао
175;le;ле;ле;ле
176;lei;лей;лей;лей
177;leng;лен;лен;лен
178;li;лі;лі;лі
179;lia;ля;ля;ля
180;lian;лянь;лянь;лянь
181;liang;лян;лян;лян
182;liao;ляо;ляо;ляо
183;lie;лє;лє;лє
184;lin;лінь;лінь;лінь
185;ling;лін;лін;лін
186;liu;лю;льов;лю
187;lo;ло;ло;ло
188;long;лун;лон;лун
189;lou;лоу;лов;лоу
190;lu;лу;лу;лу
191;lü;люй;лю;люй
192;luan;луань;лвань;луань
193;lüe;люе;люе;люе
194;lun;лунь;лвень;лунь
195;luo;ло;лво;ло
196;m;м;м;
197;ma;ма;ма;ма
198;mai;май;май;май
199;man;мань;мань;мань
200;mang;ман;ман;ман
201;mao;мао;мао;мао
202;me;ме;ме;ме
203;mei;мей;мей;мей
204;men;мень;мень;мень
205;meng;мен;мен;мен
206;mi;мі;мі;мі
207;mian;мянь;м'янь;мянь
208;miao;мяо;м'яо;мяо
209;mie;м'є;м'є;мє
210;min;минь;мінь;мінь
211;ming;мін;мін;мін
212;miu;м'ю;мйов;мю
213;mo;мо;мо;мо
214;mou;моу;мов;моу
215;mu;му;му;му
216;n;н;н;
217;na;на;на;на
218;nai;най;най;най
219;nan;нань;нань;нань
220;nang;нан;нан;нан
221;nao;нао;нао;нао
222;ne;не;не;не
223;nei;ней;ней;ней
224;nen;нень;нень;нень
225;neng;нен;нен;нен
226;ng;н;н;
227;ni;ні;ні;ні
228;nian;нянь;нянь;нянь
229;niang;нян;нян;нян
230;niao;няо;няо;няо
231;nie;н'є;нє;нє
232;nin;нінь;нінь;нінь
233;ning;нін;нін;нін
234;niu;н'ю;ньов;ню
235;nong;нун;нон;нун
236;nou;ноу;нов;ноу
237;nu;ну;ну;ну
238;nü;нюй;ню;нюй
239;nuan;нуань;нвань;нуань
240;nüe;нюe;нюе;нюе
241;nun;нунь;нвень;нунь
242;nuo;но;нво;но
243;o;о;о;о
244;ou;оу;ов;оу
245;pa;па;па;па
246;pai;пай;пай;пай
247;pan;пань;пань;пань
248;pang;пан;пан;пан
249;pao;пао;пао;пао
250;pei;пей;пей;пей
251;pen;пень;пень;пень
252;peng;пен;пен;пен
253;pi;пі;пі;пі
254;pian;пянь;п'янь;пянь
255;piao;пяо;п'яо;пяо
256;pie;п'є;п'є;пє
257;pin;пінь;пінь;пінь
258;ping;пін;пін;пін
259;po;по;по;по
260;pou;поу;пов;
261;pou;пу;пу;
262;qi;ці;ці;ці
263;qia;ця;ця;ця
264;qian;цянь;цянь;цянь
265;qiang;цян;цян;цян
266;qiao;цяо;цяо;цяо
267;qie;цє;цє;цє
268;qin;цінь;цінь;цінь
269;qing;цін;цін;цін
270;qiong;цюн;цьон;цюн
271;qiu;цю;цьов;цю
272;qu;цюй;цю;цюй
273;quan;цюань;цюань;цюань
274;que;цюе;цюе;цюе
275;qun;цюнь;цюнь;цюнь
276;ran;жань;жань;жань
277;rang;жан;жан;жан
278;rao;жао;жао;жао
279;re;же;же;же
280;ren;жень;жень;жень
281;reng;жен;жен;жен
282;ri;жи;жи;жи
283;rong;жун;жон;жун
284;rou;жоу;жов;роу
285;ru;жу;жу;жу
286;rua;жуа;жва;
287;ruan;жуань;жвань;жуань
288;rui;жуй;жвей;жуй
289;run;жунь;жвень;жунь
290;ruo;жо;жво;жо
291;sa;са;са;са
292;sai;сай;сай;сай
293;san;сань;сань;сань
294;sang;сан;сан;сан
295;sao;сао;сао;сао
296;se;се;се;се
297;sen;сень;сень;сень
298;seng;сен;сен;сен
299;sha;ша;ша;ша
300;shai;шай;шай;шай
301;shan;шань;шань;шань
302;shang;шан;шан;шан
303;shao;шао;шао;шао
304;she;ше;ше;ше
305;shei;шей;шей;шей
306;shen;шень;шень;шень
307;sheng;шен;шен;шен
308;shi;ши;ши;ши
309;shou;шоу;шов;шоу
310;shu;шу;шу;шу
311;shua;шуа;шва;шуа
312;shuai;шуай;швай;шуай
313;shuan;шуань;швань;шуань
314;shuang;шуан;шван;шуан
315;shui;шуй;швей;шуй
316;shun;шунь;швень;шунь
317;shuo;шуо;шво;шо
318;si;си;си;си
319;song;сун;сон;сун
320;sou;соу;сов;соу
321;su;су;су;су
322;suan;суань;свань;суань
323;sui;суй;свей;суй
324;sun;сунь;свень;сунь
325;suo;суо;сво;со
326;ta;та;та;та
327;tai;тай;тай;тай
328;tan;тань;тань;тань
329;tang;тан;тан;тан
330;tao;тао;тао;тао
331;te;те;те;те
332;tei;тей;тей;тей
333;teng;тен;тен;тен
334;ti;ті;ті;ті
335;tian;тянь;тянь;тянь
336;tiao;тяо;тяо;тяо
337;tie;тє;тє;тє
338;ting;тін;тін;тін
339;tong;тун;тон;тун
340;tou;тоу;тов;тоу
341;tu;ту;ту;ту
342;tuan;туань;твань;туань
343;tui;туй;твей;туй
344;tun;тунь;твень;тунь
345;tuo;туо;тво;то
346;wa;ва;ва;ва
347;wai;вай;вай;вай
348;wan;вань;вань;вань
349;wang;ван;ван;ван
350;wei;вей;вей;вей
351;wen;вень;вень;вень
352;weng;вен;вен;вен
353;wo;во;во;во
354;wu;у;ву;у
355;xi;сі;сі;сі
356;xia;ся;ся;ся
357;xian;сянь;сянь;сянь
358;xiang;сян;сян;сян
359;xiao;сяо;сяо;сяо
360;xie;сє;сє;сє
361;xin;сінь;сінь;сінь
362;xing;сін;сін;сін
363;xiong;сюн;сьон;сюн
364;xiu;сю;сьов;сю
365;xu;сюй;сю;сюй
366;xuan;сюань;сюань;сюань
367;xue;сюе;сюе;сюе
368;xun;сюнь;сюнь;сюнь
369;ya;я;я;я
370;yan;янь;янь;янь
371;yang;ян;ян;ян
372;yao;яо;яо;яо
373;ye;є;є;є
374;yi;ї;ї;ї
375;yin;їнь;їнь;їнь
376;ying;їн;їн;їн
377;yo;йо;йо;
378;yong;юн;йон;юн
379;you;ю;йов;ю
380;yu;юй;ю;юй
381;yuan;юань;юань;юань
382;yue;юе;юе;юе
383;yun;юнь;юнь;юнь
384;za;цза;дза;цза
385;zai;цзай;дзай;цзай
386;zan;цзань;дзань;цзань
387;zang;цзан;дзан;цзан
388;zao;цзао;дзао;цзао
389;ze;цзе;дзе;цзе
390;zei;цзей;дзей;цзей
391;zen;цзень;дзень;цзень
392;zeng;цзен;дзен;цзен
393;zha;чжа;джа;чжа
394;zhai;чжай;джай;чжай
395;zhan;чжань;джань;чжань
396;zhang;чжан;джан;чжан
397;zhao;чжао;джао;чжао
398;zhe;чже;дже;чже
399;zhei;чжей;джей;чжей
400;zhen;чжень;джень;чжень
401;zheng;чжен;джен;чжен
402;zhi;чжи;джи;чжи
403;zhong;чжун;джон;чжун
404;zhou;чжоу;джов;чжоу
405;zhu;чжу;джу;чжу
406;zhua;чжуа;джва;чжуа
407;zhuai;чжуай;джвай;чжуай
408;zhuan;чжуань;джвань;чжуань
409;zhuang;чжуан;джван;чжуан
410;zhui;чжуй;джвей;чжуй
411;zhun;чжунь;джвень;чжунь
412;zhuo;чжо;джво;чжо
413;zi;цзи;дзи;цзи
414;zong;цзун;дзон;цзун
415;zou;цзоу;дзов;цзоу
416;zu;цзу;дзу;цзу
417;zuan;цзуань;дзвань;цзуань
418;zui;цзуй;дзвей;цзуй
419;zun;цзунь;дзвень;цзунь
420;zuo;цзо;дзво;цзо
